time_seconds,dim_0,dim_1,dim_2
0.0,0.015235853987721568,-0.0027467433101458875,0.5058159237352146
0.005,0.4721055832903745,0.05663449102597944,-0.5687054597378292
0.01,0.9446293409768705,0.03246609922523944,-0.12494217666234797
0.015,1.1123291245681568,0.4910695850086326,0.5432484383469042
0.02,0.9024482405673082,1.0089958965571237,0.20323164207962613
0.025,0.7173492009308613,1.167328107085261,0.07810521259190911
0.03,0.5134988013449118,0.8958368077407496,-0.0870738773738627
0.035,0.2254499465106009,0.6551389069878178,-0.15352037028309817
0.04,-0.0008400578752143663,0.4975434714943669,0.11528762523612968
0.045,-0.2839142725064592,0.23631150625112715,-0.10094964999379336
0.05,-0.4631368824434063,-0.010944220144684571,-0.017031448417777675
0.055,-0.74356857950253,-0.31280897791034196,0.03143948244601495
0.06,-0.996698465121939,-0.4504926416949113,-0.2712286113973997
0.065,-1.0089388284001946,-0.7687664665730605,0.21285174955257535
0.07,-0.8837313140739447,-1.0281017693082077,1.165697859366168
0.075,-0.567069411746561,-0.9933661866850225,-0.7107946557304301
0.08,0.0184375392041246,-0.9038309430804049,0.12960500967599195
0.085,0.4761606585609496,-0.5548641922976434,-0.30407603544756223
0.09,0.951029296251911,0.032097740346730734,0.2309610310077
0.095,1.0628045931992838,0.41918920850637087,0.01862298933114437
0.1,0.9907568818227368,0.9269672400586404,0.30474190961698544
0.105,0.7484116990537801,1.134693440195107,0.47020263060351186
0.11,0.5682338481202486,0.9326529061860225,0.07696844710727253
0.115,0.23353560202433957,0.6425789766052535,0.45282091536567126
0.12,-0.02141639110815514,0.475141590458123,-0.937719157515471
0.125,-0.2588687536521918,0.23499109935317303,0.6361809191664093
0.13,-0.4804913219088805,-0.019870527206520196,0.15002486075693605
0.135,-0.764185973055774,-0.26474929642344786,0.43113734229807277
0.14,-0.9793633694202011,-0.41978183046245543,-0.48795029793660866
0.145,-1.043759838598202,-0.8978276947109208,-0.3323079526421343
0.15,-0.8000244011430241,-0.9595666756986599,0.05837531765790965
0.155,-0.5444255394216291,-0.9656879285080234,-0.006815155734985207
0.16,-0.025612136453577555,-0.8564134393876098,0.11322743520399584
0.165,0.4834161521900054,-0.5634158650111238,0.4338060643719865
0.17,0.9379057523153227,-0.0632567323150086,-0.7060881261211397
0.175,1.1217495033846407,0.43869884988612895,0.38952762868692364
0.18,0.9943026271172565,0.9215926520641707,0.003312763983170807
0.185,0.740450352425851,1.193123767568866,-0.0815127444498191
0.19,0.4658827204019853,1.0861719608916325,-0.5884460937539562
0.195,0.2737917155190149,0.7236533911738436,0.20121946735074603
0.2,0.03716270856017141,0.5611357311052088,-0.965643140412415
0.205,-0.21410436271251923,0.2755705393682461,0.25935760449548506
0.21,-0.5403822665509824,0.12484725989522547,-0.5968423341891967
0.215,-0.7708501101206405,-0.2187692951951938,0.021383165046989616
0.22,-0.994165709542964,-0.5338293752486752,-0.047667534931168175
0.225,-1.0543664589121455,-0.7525763864884988,0.4678152589175535
0.23,-0.8635353422891365,-0.8352230255745873,-0.07146206760555607
0.235,-0.5129250111636645,-1.011802180169906,-0.27765542445826624
0.24,0.03394567815359372,-0.8988985687867097,-0.20264107838848122
0.245,0.5274837420768457,-0.4644751176498716,0.5091531075018655
0.25,0.9215627511210468,0.015854051299376646,0.21451878767235746
0.255,1.0968653000405233,0.5029962329317852,-0.15425199260926453
0.26,0.9271422090072162,0.9669928191156524,-0.09457856798580538
0.265,0.7664746154561123,1.098419579429081,-0.6268708362341788
0.27,0.4835881484719064,0.9410710047328066,0.1553896803406164
0.275,0.20931818371561287,0.7671738765493769,-0.7039262830781863
0.28,-0.013757112561335804,0.5004173048021782,0.30071858633418247
0.285,-0.16651501056605905,0.23056647858742033,0.05144863699650634
0.29,-0.5503983369712097,-0.11060545919660657,0.954780719829569
0.295,-0.7340442585444024,-0.13318637713558237,-0.44005422148972234
0.3,-1.0841434885807906,-0.5994993079627247,-0.04106483641625318
0.305,-1.0820451402478852,-0.8061592153223729,0.7193150803692251
0.31,-0.898969127931296,-1.0870640507737246,0.47655585611656576
0.315,-0.4947936720344349,-1.0778460900821625,-0.2784848206319599
0.32,0.03556132898964138,-0.9336444361599101,0.0895869713493791
0.325,0.563772150362397,-0.4532420791510362,0.0007997425660348933
0.33,0.8896705275741256,-0.03154742932890397,0.11278234695766287
0.335,1.0421832991153681,0.5434249629237691,-0.2794721743939319
0.34,1.0428987940628573,0.8604268208274756,-0.03572816108029381
0.345,0.7728929600298968,1.0398539355984011,-0.6392209501106856
0.35,0.4433224650196527,1.0568420082952192,0.054049380747232825
0.355,0.1845977154276061,0.7224983125487195,0.18000826936873282
0.36,-0.04597261430007991,0.47953659889246414,-0.0909677650575536
0.365,-0.21640403892509277,0.1877478338443411,-0.6460203562339152
0.37,-0.49998549438301904,-0.14056992696567544,0.395412745140585
0.375,-0.7479339085705877,-0.31433361094494433,0.14581001519712092
0.38,-1.021362632316827,-0.5006014590294846,-0.29040603908039075
0.385,-1.0573739041947607,-0.7589822744599054,-0.11224017873522558
0.39,-0.8758272614881797,-1.0265336379955587,-0.6002677611127356
0.395,-0.5395721155884111,-1.0587730270212716,-0.4101640511111618
0.4,0.022838761877873832,-0.8645492695126706,-0.2151245385428558
0.405,0.49100849154906784,-0.4921896350959961,0.4913683249120605
0.41,0.8889540888582912,-0.03271648316800409,-0.2558013563549903
0.415,1.0462139940486799,0.4324099119040281,0.2560854637315035
0.42,0.9402080177205479,0.834287895963922,-0.21532648114463193
0.425,0.8068068003132568,1.0606598274071153,0.09917902434074995
0.43,0.4836366641764129,1.00245538665287,-0.05655820085752087
0.435,0.24188678206416236,0.7852398284012813,0.3492226400370974
0.44,0.024037332945294126,0.3585516719684302,-0.21392453528742317
0.445,-0.2189355173262836,0.15668713893364358,-0.6290113000009764
0.45,-0.47383752573790777,-0.01761450319450646,-0.552779612545453
0.455,-0.7873824504994472,-0.24682196170104434,-0.21275099757710297
0.46,-1.0211649156022093,-0.4942569571006441,-0.4996239882712211
0.465,-1.069286799293916,-0.7854533943504014,0.16408480627182054
0.47,-0.9914735028844482,-1.0367522321433318,-0.18630726594323113
0.475,-0.5964604122235537,-1.0168198187667454,0.9498426200105726
0.48,-0.06613498061772217,-1.0252743681685166,-0.6950858380548528
0.485,0.4742424472223219,-0.6395763101973309,0.0814532714839205
0.49,0.9270954925227215,-0.0421912036916991,-0.4511812094022676
0.495,1.0200269359805934,0.3974603437260159,-0.19736053615307145
0.5,0.9810918722980304,0.9465800777887217,0.05656778933621767
0.505,0.8474195911632812,1.0251545951669068,-0.9301485499497147
0.51,0.489293582633478,0.973719747802122,0.094730446715211
0.515,0.2781378545511325,0.9268333965207444,0.7611629849096672
0.52,-0.04668088400049503,0.4581832103687421,-0.18137531934743714
0.525,-0.2515339540211622,0.3811527630773364,0.1039231427222038
0.53,-0.5546078839320762,-0.0579524564619,0.40996867725015973
0.535,-0.7994098300690087,-0.3153847762696736,-0.06558140001079862
0.54,-0.9579845931271318,-0.5511119048823349,-0.23238407541259332
0.545,-1.1516669099082133,-0.8532220900849471,-0.9102945614887009
0.55,-0.8853855990092538,-0.9955723855178068,0.25639628775798934
0.555,-0.5122180084857773,-1.1318152449074388,-0.045267363891558894
0.56,-0.029707497784832174,-0.8576064945767476,-0.40507354055526473
0.565,0.45180189588297287,-0.5433263934984902,0.05063868411107743
0.57,0.9107132565722378,0.01966275946748786,-0.23347214272247255
0.575,1.0388262532954056,0.5096772837840295,-0.21137045244621025
0.58,1.0116338105677352,0.9825283444004024,0.2425164624434833
0.585,0.7835507835501503,1.0652969236516916,-0.5353529645295378
0.59,0.5871957257525953,1.07980524617202,0.4189261144295034
0.595,0.22929429475413166,0.6895108621514474,-0.5590744652473615
0.6,-0.051174874631094276,0.5713003983211722,-0.26508056334210556
0.605,-0.23229829437996466,0.18594403193796033,0.7691784776266309
0.61,-0.4961069469879586,-0.04521358157472467,0.45094190465696893
0.615,-0.7144987975119539,-0.26087075533980153,0.03904159699817608
0.62,-0.9582444377042724,-0.5044148390854453,-0.37621208620048663
0.625,-1.0474573357911205,-0.6203900535017515,-0.2117089226799573
0.63,-0.8339416366255689,-0.9667304275252913,0.029310125834278562
0.635,-0.5835429413185425,-1.0267677199316099,0.01500929293583937
0.64,-0.03198757663749013,-0.8455551031217806,-0.03634837185038514
0.645,0.4777759915321276,-0.5797572769207008,-0.012333005633673733
0.65,0.8876162910287608,-0.031686742615686554,-0.08575004388204564
0.655,0.9964665813707809,0.5001921948307856,-0.5767914942560052
0.66,1.0317575473407201,0.9458816678061197,-0.20660429686433313
0.665,0.7713470414190349,1.0788362812509473,0.36584962159473866
0.67,0.4335664664614117,1.0472385514361784,-0.547333719020447
0.675,0.19048312206740137,0.8008243857208149,-0.07582220461571142
0.68,0.015675692372508883,0.37602324100213336,-0.3279015715083376
0.685,-0.19935574773306586,0.18608928494662033,0.04454017175924453
0.69,-0.40727023660195727,0.06269016561668833,-0.15545327242672727
0.695,-0.6367650529736091,-0.1560573158122082,0.5909574659898676
0.7,-0.9792795283361986,-0.39668974996220474,0.20263326167610152
0.705,-1.11477779475019,-0.5924453549952114,-0.5247212663108846
0.71,-1.0137090952231127,-0.9547411928865076,0.26849120464547943
0.715,-0.5107192154852085,-1.0547624818372239,-0.3098607425048252
0.72,-0.04064705476551939,-0.9992411373752571,-0.23079854855101345
0.725,0.5033369255934108,-0.5285041312637602,0.12552760804284874
0.73,0.8765019412335586,-0.02385499191886821,-0.1966989678920539
0.735,1.058261344427777,0.35680720680077205,0.35714232652918215
0.74,1.0532990115393823,0.8956462280528111,-0.30980402460535816
0.745,0.7903106046462456,0.8758407031670379,-0.2475786210365453
0.75,0.4991750393346153,0.9671258411691114,-0.26254835741924354
0.755,0.18947938848648804,0.8128990346932948,-0.22625549934201558
0.76,-0.08373414723521859,0.523051506197955,0.4396766222191252
0.765,-0.26557747158144673,0.13135794947949153,0.25151851744412124
0.77,-0.5097959087274624,-0.11933924932916554,0.6839775816048285
0.775,-0.694061680594986,-0.19705042215074015,0.9070576815597019
0.78,-0.9934862739263568,-0.5339974153060962,-0.41228681277293594
0.785,-1.0161639131974434,-0.5819156649748367,0.028167650930915555
0.79,-0.932071561113505,-0.9935822665851741,-0.4704801266573732
0.795,-0.5833519769232433,-0.99576210435338,-0.3110423710993069
0.8,-0.04825583811161208,-0.8512278411885745,-0.25203300410226775
0.805,0.4878434853756156,-0.5768006211135723,-0.42286194965530977
0.81,1.0135302678083071,-0.09837303714615214,-0.4207549091593655
0.815,1.0242315547873764,0.4823571127909011,-0.05771375140810195
0.82,1.0419244601868203,1.0117497309988026,-0.48668736735456286
0.825,0.737311817369632,0.9559944721772982,0.33685078365505317
0.83,0.5536854318302571,1.029132856619779,-0.3671014149670057
0.835,0.2605096244330719,0.7002022126697602,1.1238275880385569
0.84,-0.007831894882905109,0.5999033196896288,-0.1805537803857581
0.845,-0.24330020243455172,0.26224021814233467,0.02880705676682089
0.85,-0.5398461659580159,-0.021971682340283613,-0.5181364737864141
0.855,-0.7601545661998712,-0.24860929896568054,0.6824367032510558
0.86,-1.0227491740170371,-0.5286900650377077,0.4478002723211665
0.865,-1.1265811769369594,-0.7293138562153823,0.11876634829444502
0.87,-0.9710036599025235,-1.0727347854505063,-0.5387210195118263
0.875,-0.5154753927162863,-1.178660558568023,0.08426675108984812
0.88,0.07895456282052793,-0.9157696991323969,-0.448572418406902
0.885,0.5321043692810749,-0.5360922363265228,0.5849421053893443
0.89,0.9011748648810546,0.008112458190684221,0.3236778927412691
0.895,1.0795921957287233,0.5542950047502301,0.03817561539509445
0.9,1.0653000870853417,0.924343355182689,-0.974550265298929
0.905,0.7934273013421715,1.003056432865888,-0.3933663914636123
0.91,0.4865604196448633,1.076774172858522,0.275104452639949
0.915,0.2965765116307688,0.8302064559635902,0.48515347668926234
0.92,0.021437821923075973,0.5052797422301765,0.44366792459685267
0.925,-0.16447427652798485,0.3281755858188386,-0.6368052008965822
0.93,-0.49794505932545574,-0.04877563298146148,0.12062092272516163
0.935,-0.8436816278600048,-0.14792226877817508,0.4062060865931718
0.94,-1.0684079599622842,-0.513076047298978,-0.6633342262328981
0.945,-0.9827544921370337,-0.867821135796237,-0.003161806149294539
0.95,-0.8209234951473827,-1.0248801794912978,0.1095369593233825
0.955,-0.5330807492665312,-0.9087907666033221,-0.12030583393869397
0.96,-0.019159366056803503,-0.7312049924173648,-0.7408647421604807
0.965,0.5971770032145043,-0.4673403556912359,-0.13027924402949148
0.97,0.8517544970843692,-0.024646075138312688,-0.1309221721020096
0.975,1.0205645378008041,0.6148130113658214,-0.05922896181910168
0.98,1.0321663397344498,0.8900956406735814,-0.22538857017002784
0.985,0.7627279201309947,1.0266234352657773,-0.17720486129658694
0.99,0.5068506878505418,1.038704549130027,-0.01588251293879116
0.995,0.23308993120155347,0.8039155767248037,0.17698184198788447
1.0,0.016878727439946384,0.5038865555492451,-0.12177070514266689
1.005,-0.17088798306209388,0.1966255843828704,-0.16385957134720075
1.01,-0.5025775358414587,-0.0038449258518465437,0.036941615301783234
1.015,-0.750261236610132,-0.13919246417540676,-0.7683663703580726
1.02,-1.1025086050515491,-0.5024278712814609,0.19081405089058323
1.025,-1.0677368088451027,-0.7332507377667151,-0.0002252388491835233
1.03,-0.9492682947011863,-1.0690046429414397,0.01587741063902473
1.035,-0.5850454416235915,-1.086478881989983,0.38429372303778564
1.04,-0.04390761834643205,-0.911455886519696,-0.7811262120192993
1.045,0.5073986165673445,-0.5661033114506718,-0.7895335479435855
1.05,0.952901908304349,-0.105648272692006,0.10952153812940782
1.055,0.998981252861618,0.5795138561266567,-0.002846742051406309
1.06,1.0015315746297215,0.9278646711165032,0.0680707772767729
1.065,0.7582497046073001,0.9162264857023588,-0.18485083006897823
1.07,0.49072312646844235,0.9492793891504064,0.2657414696959725
1.075,0.291399967393014,0.707197446573384,0.373055537196448
1.08,0.026905771850191895,0.493331792401319,0.1935929175806108
1.085,-0.1743921707556378,0.27770744211570214,-0.10433138336183326
1.09,-0.5148320651490459,0.010064173468162251,-0.8430757550457613
1.095,-0.8172553068575147,-0.14340707248151385,0.30769448321485127
1.1,-1.011192940844026,-0.4978382970894107,0.48869146648703715
1.105,-1.053176049185035,-0.8014529133253003,0.257823364793592
1.11,-0.8982781132638525,-0.9907015179775912,-0.35185697094700263
1.115,-0.57832419221407,-1.0223693157849232,0.26951775746710316
1.12,0.0045244890814088055,-1.0036757803527248,0.3442118831845782
1.125,0.5355162051093387,-0.5965461048272931,0.6235264991196343
1.13,1.0329804830632392,-0.1044860141430649,-0.3504439696911831
1.135,1.1591431193126804,0.5373192014492285,-0.09058183381765539
1.14,0.9573378324720625,1.032748834452022,0.2989088204573821
1.145,0.7680890081965157,1.2114197330521645,0.022964028575263116
1.15,0.43393468109470557,1.0167195521081185,-0.44693104082050994
1.155,0.21172672542960502,0.7782277606091341,0.1658465140106812
1.16,0.015780250179517025,0.40891662722486055,0.23146465352606668
1.165,-0.18096939508336768,0.2359847810568919,0.0351851585324008
1.17,-0.5435609730737262,-0.010615631686698653,0.08783397087197767
1.175,-0.8151654982773737,-0.18103902765553512,-0.10348236067429206
1.18,-1.1073644514869305,-0.4942541572256878,0.5913115742864238
1.185,-1.0734341847758408,-0.8430540655768449,-0.36027687348507065
1.19,-0.9602275017795313,-1.0670805195248054,-0.23492830510551155
1.195,-0.5505767599706972,-1.0395641163412257,0.004394205411010248
1.2,-0.04384303890837461,-1.0079670926360724,0.35158161108035707
1.205,0.519391660889774,-0.5018820535598272,-0.5989492680378147
1.21,0.8192203616187165,-0.00891472163979936,-0.5241186999061757
1.215,0.991948626479048,0.5244879552584069,-0.8150914030938872
1.22,1.1064623556014157,0.7811041887173339,0.013078090101308316
1.225,0.7180870472102684,0.9489883255502696,-0.4473223268826176
1.23,0.45226750226381884,1.0795792267562645,-0.1538200440071667
1.235,0.3331077525438407,0.7452167703748664,0.2645512759566832
1.24,0.14525335846201623,0.40448624389374893,-0.2566170883131386
1.245,-0.2998404075690509,0.3549833649748342,0.09251280909734583
1.25,-0.5255192290259519,0.0831655820180966,-0.11973516310068882
1.255,-0.7653803987269442,-0.31004383679099334,0.26884572603857476
1.26,-0.913565117779721,-0.5200368412972515,0.1900512269392035
1.265,-1.1146437426700095,-0.6431238914739983,-0.276773478469844
1.27,-0.9193706734836538,-0.9824309005557395,-0.06746070136018105
1.275,-0.4852379097993152,-1.041043014345503,0.4174973590881978
1.28,0.02173830372332545,-0.9118785527842898,0.15735074810163882
1.285,0.5052969850408879,-0.464679313898517,-0.5587848231004526
1.29,0.9004156329607509,0.027655699392735676,0.2622472244685531
1.295,0.9965560983300964,0.5275333259506496,-0.4338442489744953
1.3,0.9880913128012647,0.89273137774265,0.5650052279844024
1.305,0.7691388017735367,1.0692586074029693,0.40963953593641
1.31,0.5187152756678588,0.9652677555900286,0.11595419036736032
1.315,0.21349571518682892,0.825750530382499,0.06289313737447737
1.32,0.023576926127257248,0.48649691965720765,-0.08361290241096801
1.325,-0.19062628523678765,0.21048312286676457,0.27140958056001124
1.33,-0.499335314803132,-0.030021201487253717,-0.14831126778482467
1.335,-0.7648703558540141,-0.16787509921941166,0.09422794825595755
1.34,-0.99734223262111,-0.4270790169568053,0.3487737466077805
1.345,-1.0652966690940264,-0.7687381648450567,-0.2247226174102359
1.35,-0.9431846828636861,-1.0071865175563055,-0.24647709599627785
1.355,-0.5082800755187287,-1.1210275172474227,-0.47774619228978366
1.36,-0.004864329920670356,-0.9546493155413015,-0.4257890984504689
1.365,0.6287632040489309,-0.5879197885048051,-0.731358124576601
1.37,0.9857745263103197,-0.05050822925661172,0.29193151560621183
1.375,1.0845932163764211,0.6401025063543877,0.7235658168331084
1.38,0.9618471395152625,1.0517251861973895,0.5701315773881223
1.385,0.7268376026748088,1.2250537594378963,-0.6504337954506066
1.39,0.5666639288409943,0.9325178852617174,0.28994186862248
1.395,0.2543995373851322,0.7986026105070808,0.5688425399694226
1.4,0.024007170169585246,0.5788515528610767,-0.18272399229546563
1.405,-0.3284913754764931,0.24683715504781342,0.04057897226001979
1.41,-0.46073485710863116,0.04563689275589286,-0.8031572203218682
1.415,-0.7597371593632606,-0.32539555129249514,0.10669446719065662
1.42,-1.0555215342207243,-0.4552150708280202,-0.425423891773887
1.425,-1.0888771291210937,-0.780153817504594,0.07985400716460582
1.43,-0.8939209209687228,-1.1254270172106668,-0.6244811688755522
1.435,-0.5214814486845737,-1.1660583892471978,0.21714328979103836
1.44,-0.014608559290183922,-0.8612586768046614,0.4098050701706759
1.445,0.5189303751991114,-0.5353164531888593,-0.31327194468606706
1.45,0.8945079122761983,-0.04441300427299226,-0.4547690325641738
1.455,1.0729290143537202,0.5193556565352692,-0.8624092170199925
1.46,1.073574598649656,0.9342545249219797,-0.10656541363007083
1.465,0.6541252542274104,1.0819472115050401,-0.23263757371264204
1.47,0.49526426796106215,1.0407718518176077,-0.6204077649392219
1.475,0.25008769719639323,0.7154399020098579,0.18120750252486867
1.48,0.014799699484355562,0.5742235431101438,-0.17998815274585966
1.485,-0.2598578051938524,0.2748155299625359,-0.430294383458093
1.49,-0.594942870310474,0.06348287505156007,-0.22182896225617885
1.495,-0.7660584020882779,-0.19775980535316182,0.42852181557184627
1.5,-0.9136324892917882,-0.5384379044902483,0.2411747775020889
1.505,-1.141993958994404,-0.7353534432326467,-0.052010424599395935
1.51,-0.8639153805016344,-0.883715136938044,0.24764200738594103
1.515,-0.5405310497585565,-1.1160109303270789,-0.4643647825546956
1.52,-0.0030662172914389324,-0.9187822642289866,0.012948040290812214
1.525,0.47145986306718607,-0.5054948919155772,0.058928932194588224
1.53,0.8903839725687536,-0.07085691584776664,-0.18793460339949075
1.535,1.1303031184835441,0.43172989031093334,0.17418333438296715
1.54,1.0291327620993864,0.955562225959158,-0.31217338185778054
1.545,0.8690737565444773,1.172314126618254,0.20392828311044717
1.55,0.5659773756354262,1.1035026765836795,0.2207435086125168
1.555,0.26321641007426355,0.8554900373601126,-1.1668639522788264
1.56,0.08719672630838608,0.5083649335715877,0.4761222814040471
1.565,-0.21931241819085914,0.25119455022074644,-1.2190530261411017
1.57,-0.4657073723466968,0.0922982911704148,-0.24641961022245013
1.575,-0.797286723950714,-0.21536298237385865,0.410139213703102
1.58,-0.99667270920704,-0.4090233484088617,-0.12691469010097628
1.585,-1.1001720799136103,-0.8153502452008863,-0.5864743929878168
1.59,-0.8576275844567963,-0.9790709856168938,-0.4374948246866683
1.595,-0.5830199697581468,-1.1496034373853405,0.4107622985282479
1.6,0.03911751712089611,-0.8351117205546057,-0.7686018122194553
1.605,0.5145722357271337,-0.582864542248865,0.45159644038480695
1.61,0.9656691358599183,0.0016268502066702356,-0.022040839616915737
1.615,1.1028443381851596,0.5027807676183911,-0.4769581321769734
1.62,1.0910323078823385,0.9564603485341572,-0.23324602892107646
1.625,0.8189969108309078,1.0893365817183047,-0.4068897364406565
1.63,0.42850476840389456,1.1795993699957228,0.34649008034341144
1.635,0.23791441748287032,0.8140746107155138,0.2929711239051353
1.64,-0.05860035962973139,0.4163099628950277,-0.6876644535504187
1.645,-0.2671760682460922,0.13304186960236322,-0.16143684740773365
1.65,-0.43154535952269857,-0.10331072722870527,-0.34527426493771085
1.655,-0.7505814857290887,-0.2803297394689098,0.5174039873837482
1.66,-1.0349465214289402,-0.4658379933315307,-0.5400396472505684
1.665,-1.115986757070617,-0.6814961060601988,0.6416916418740056
1.67,-0.9054676765427313,-1.043193410198751,-0.013317895806775027
1.675,-0.5849327960714346,-1.0515645446047044,-0.46477376255203506
1.68,-0.03355701386982631,-0.9023824448402129,-0.27090967360371115
1.685,0.5397052621799794,-0.5830714042503558,-0.32064753630738024
1.69,0.9648723829918818,-0.03799683625545136,-0.5098473608062024
1.695,1.0957389623598195,0.5398950747610524,0.037930743892150266
1.7,0.8854355245700963,1.0508121331443747,-0.49116622027673734
1.705,0.7976765127254839,0.9797584260222586,-0.8721464834952756
1.71,0.5107084598481808,0.7853582373481623,-0.15187058833926925
1.715,0.2619565903964106,0.7705179711726782,-0.7211424785671531
1.72,0.08081048408256565,0.5114348539450593,-0.30086434722700817
1.725,-0.34442398996802004,0.2964618116346112,-0.36364115544134235
1.73,-0.5366619524460946,0.1044648439839394,-0.3484864288103257
1.735,-0.7529128601343105,-0.3636362856120485,0.8003852406360615
1.74,-1.079079719972703,-0.4857097677840065,0.022564626867828307
1.745,-0.991503436345921,-0.7014030899766739,0.09814840359813287
1.75,-0.8886889505515065,-1.0698768284091247,-0.7105593185369179
1.755,-0.48177558931023395,-0.943370557721579,-0.2615852534547688
1.76,-0.028547183076077377,-0.8750566873799001,0.0861210519766048
1.765,0.5647929731007018,-0.5098497406493782,-0.40981156516520256
1.77,0.9605303589860038,0.00634365887392286,0.3632251374071942
1.775,1.0769447897554538,0.5703236292296356,-0.4810786343604121
1.78,1.0117200446349335,0.9605973513237281,-0.11454645434607025
1.785,0.7959753382380715,1.1505924683649325,-0.23442065599022346
1.79,0.463939517949578,0.8891764382079291,0.0657282637527664
1.795,0.23388564211577215,0.725091129730093,-0.2561960287421704
1.8,-0.007626126622616765,0.4045859966308595,-0.10835745082837495
1.805,-0.22209238291009425,0.21572260973733187,-0.09445203671119423
1.81,-0.45711556884102944,-0.020356535110918273,-0.2937551029565204
1.815,-0.8353849803729032,-0.29745866529874665,0.19403754739884507
1.82,-1.006250451515976,-0.5063734704565708,0.09535534993497012
1.825,-0.991228111365647,-0.8784270642990817,-0.035445578101266924
1.83,-0.9442861926271627,-0.8833792469121814,-0.17218333338478325
1.835,-0.565217289466912,-0.9011410139782897,0.31861761220799883
1.84,0.010115309591581636,-0.9648736635113953,-0.09433369752567256
1.845,0.5663240481266654,-0.5833964539822519,-0.12267891513037488
1.85,0.9076780839645897,-0.047344890267833076,0.041876011955250404
1.855,1.1317489182704454,0.47091752746540205,0.6786346731883404
1.86,1.0428396991283222,0.9018340746441635,-0.5361424832084816
1.865,0.8245491796184838,1.0818563191082442,0.30794275722214187
1.87,0.5348126062527468,1.0385971725452217,-0.7572684644952421
1.875,0.3576447311450896,0.74453888716631,0.08690926329144959
1.88,-0.010258084443305152,0.496713883337234,0.6300331310434923
1.885,-0.34143819073109916,0.36507608591023116,0.19546740978692287
1.89,-0.426894063110692,0.008052395445891718,0.06825003141591712
1.895,-0.8053431478218286,-0.3205645927939984,-0.22417978752123024
1.9,-0.9946059777828481,-0.4929185123185439,0.012418880195421696
1.905,-0.9998233545055687,-0.7626088613150505,-0.10082512616134252
1.91,-0.9872197582394961,-1.0346165626129407,-0.3143906431725422
1.915,-0.5866871493076946,-0.9681804587752034,-0.11595024618994794
1.92,-0.08006389685595092,-0.9877516920704058,0.07935246425057582
1.925,0.4843979741011365,-0.6555065242615921,-0.30688682741225615
1.93,0.9290886114873911,-0.09587378208501032,-0.3225127282738737
1.935,1.0915102808892352,0.5026661612043248,-0.5440973750368697
1.94,1.013813708966432,0.959736880511121,0.15629001043555846
1.945,0.7118198820793579,1.0844608860170142,0.21812930478682416
1.95,0.39160160935492505,1.0904026534964848,0.092664177694607
1.955,0.24397975539730005,0.7621954206286858,0.38606819709146634
1.96,-0.023588801681923847,0.3787689035349374,0.03514705483229101
1.965,-0.21829278754194728,0.2814858460041473,0.1568043749463027
1.97,-0.47200909987549045,0.0731008725774855,0.12153497025502513
1.975,-0.7755461046710578,-0.12026855750279593,-0.03661600776728315
1.98,-0.9619933457312098,-0.5334090939166153,-0.21232873125185892
1.985,-1.053840320042841,-0.8218727602289153,0.8856610463167645
1.99,-0.8806035459064716,-0.8877474063945172,-0.1807803919414034
1.995,-0.5593384517458734,-1.1067543725847229,-0.26635108444817457
2.0,-0.008980570691571552,-0.9467306025710556,0.1736039293800428
2.005,0.5339435934352296,-0.5836481582808257,0.10074176611800206
2.01,0.9481332049574173,0.012030764782157735,-0.561916619044131
2.015,1.045613830137369,0.5288237581046747,0.4490713018254955
2.02,1.0260583627866073,0.9156050239371376,-0.037677830140333324
2.025,0.7691662366782216,1.0119032070511436,-0.44437243808628824
2.03,0.5012296728201461,0.9904415095659719,0.47551364574154964
2.035,0.28273802822898025,0.7251907552452744,0.2502702286384616
2.04,-0.09965301855270192,0.6153113166839492,-0.5058167967791657
2.045,-0.3060856925315203,0.297613581788258,0.7108731361030898
2.05,-0.5812160510586797,-0.05531506583246499,0.26351894734647713
2.055,-0.8991389822663927,-0.3305395659374665,-0.0040784462500184524
2.06,-1.0339132220077643,-0.5905138849179822,0.6360875222487118
2.065,-1.0278291937622095,-0.9348166813349104,0.06371911353185623
2.07,-0.9213509845056889,-1.1664986387537244,-0.011233230041612793
2.075,-0.5142152845052783,-1.0967296576046028,-0.2641200464087956
2.08,0.05446087483555061,-1.0118819185047085,0.23274017572283145
2.085,0.5904890952157745,-0.6267044734028587,0.19064118692959198
2.09,0.903649884450224,-0.005307073879354536,0.005872055955884515
2.095,1.1329801832270678,0.656736879184856,-0.3159945415470412
2.1,1.0046063329217045,0.9014280760650063,0.051971941666429544
2.105,0.7405882650826129,1.1975083713431265,-0.027919514304855154
2.11,0.477386763576611,1.0251554617667482,-0.5333897274936804
2.115,0.16723525049952137,0.7797162063683708,-0.5887249405296743
2.12,-0.04440669268668086,0.4323419138113822,0.2260613515239078
2.125,-0.2591629105315081,0.1934327982091549,-1.0407553260206757
2.13,-0.4669275302176134,-0.007970980982963567,0.08216421078450399
2.135,-0.6964196847156638,-0.28799527514319273,-0.1912332231015298
2.14,-1.06910907576886,-0.4389505116868051,0.523298642751964
2.145,-1.0456595153355999,-0.6681102967869222,-0.1973872836615503
2.15,-0.9591339781444321,-1.096586706825364,0.2637936857007584
2.155,-0.5003699341792712,-1.1017979369491495,-0.15876553649511665
2.16,-0.006554332534365746,-1.0183403947393457,0.04549926139445738
2.165,0.43255949731002175,-0.4960446570831981,0.2947346123680205
2.17,0.9535216307649601,0.009796160905099997,-0.18502228652983208
2.175,1.0350508531081595,0.39293320578712604,0.3986219537993616
2.18,0.9733049880813185,0.9548508978312651,-0.3974791508425933
2.185,0.7289705557094969,1.0635777049150836,0.11783713702335163
2.19,0.4743926173521651,1.0042145238145834,0.36905588911514114
2.195,0.2626565981625319,0.8065645617156213,0.264014996716134
2.2,-0.009462217046822631,0.5382416589620672,0.7665779506941641
2.205,-0.22482897601366697,0.21259202652470469,-0.30537572692426423
2.21,-0.4890106884901062,0.07471709343007851,-0.5516597005394351
2.215,-0.7164250934975593,-0.2513778012414527,-0.3977340433980478
2.22,-1.0171393075432298,-0.43676704786738485,0.2641770266193748
2.225,-1.1391437795908816,-0.7130257621950049,0.19916917370775145
2.23,-0.8537456603579514,-1.0377467764660782,0.040902663858966314
2.235,-0.5406791972072857,-1.2295286225796282,-0.449182819642852
2.24,0.05572962222889904,-0.8623238858687688,0.30674691733162435
2.245,0.54327364426153,-0.6186483589725662,-0.48988191106021617
2.25,0.9005499046763735,0.10409458402103766,0.46357983295075994
2.255,1.0827396834509113,0.6191132771184924,1.1429753692559461
2.26,1.0975506280063199,0.860704355211539,0.1465804586286202
2.265,0.8863072027266645,1.0978382205768749,0.23324325426309725
2.27,0.5105758379431768,1.061281051905921,-0.19714390755822375
2.275,0.24927160579363536,0.8548829662198251,-0.7240853284347266
2.28,0.05381200787332986,0.5493005731364454,-0.24108774521208895
2.285,-0.28354512776616275,0.24734469270146472,-0.43715809643949977
2.29,-0.49045326255564053,0.14079440996988046,-0.5788018305660063
2.295,-0.783751318671665,-0.3076567517013088,0.6889439767982597
2.3,-0.9843045894271131,-0.4404864459319161,0.1091450072103092
2.305,-1.1069693290460647,-0.7788806480237759,0.15187503224559348
2.31,-0.9865851558519941,-0.9445156889399015,-0.12360894607849982
2.315,-0.6277539604019794,-1.1293272119125621,-0.06914843297737454
2.32,-0.05586920564948039,-0.9890630977295732,0.3858202728957334
2.325,0.5011710243554481,-0.6335289043669261,-0.012934847478086176
2.33,0.8924472018541075,-0.09767206139176976,0.2122775752098931
2.335,1.162162446870073,0.5342751010845358,-0.07840171913800635
2.34,1.055299668495367,0.9249596521330258,-0.1368611562928189
2.345,0.7343536204568908,1.1918401816153514,-0.5627656662407449
2.35,0.5244922038090809,1.1321479511912493,-0.7910996249468513
2.355,0.22090816431026092,0.8068208605187059,-0.10462476042656073
2.36,-0.01421819190199829,0.5057449693166242,0.022598676797293077
2.365,-0.23199579365703074,0.23956078023196983,-0.5144520146835164
2.37,-0.4761482253377885,-0.04539822636490892,-0.013789946013853152
2.375,-0.7994211004681776,-0.23082802785130296,0.021501025196200813
2.38,-0.9468074233632756,-0.5061356977937317,-0.8624032024237517
2.385,-1.1223978000557169,-0.718417585011375,-0.3660498637918005
2.39,-0.9067898280684273,-0.9286225158461274,0.16290555749418742
2.395,-0.39422110227261487,-1.1332992564609379,0.15482349175829757
2.4,0.011153987131273364,-0.8471088994756085,-0.46146996655990424
2.405,0.5957655139326975,-0.5027518727623854,0.06337922019989399
2.41,0.9116827900952109,-0.08955114261199112,0.40896289014418885
2.415,1.094339743515088,0.6355574466936862,0.3108291835963593
2.42,0.9971608402803649,0.9147062125010793,-0.038114314805573826
2.425,0.7739377972157764,1.106862058528126,-0.18719052532971697
2.43,0.4681326613502572,0.9308410351144375,-0.2517377937338018
2.435,0.26277714407565045,0.7727761116732581,0.18712791316386285
2.44,-0.04257685945928605,0.5683081318703244,0.07804158925715521
2.445,-0.20798281431209636,0.30398712506544356,0.25176160244088014
2.45,-0.4528424309642676,-0.03409153220214544,0.0527495252484608
2.455,-0.7641316059121199,-0.22993550981734326,0.3275055801389768
2.46,-1.014312436677781,-0.47257107355773725,0.03783701318308007
2.465,-1.042602609783161,-0.8705915003721209,0.3138754864526746
2.47,-0.9225404339638565,-1.0014304156317229,0.3483291081466556
2.475,-0.4773274323291408,-1.0003284543590685,-0.32181065208992543
2.48,-0.09157030421073697,-1.0013214003223874,-0.7232576187482984
2.485,0.5073244201964647,-0.5103982769444816,0.6173971424058213
2.49,0.8075661814303555,-0.14944353582240807,0.10266349228490468
2.495,0.9905478472372355,0.45905686045602656,-0.6857943581984487
2.5,1.0681931114906922,0.8102402627714506,-0.2855277988874844
2.505,0.8272174253725664,0.8863277394878118,0.3087497169479314
2.51,0.4711327695223242,1.0989066334085453,-0.1118707324531572
2.515,0.16613690332572356,0.8649101788692505,-0.20482456772765084
2.52,-0.14822644189208434,0.4585776401204786,0.5603527441251867
2.525,-0.2684368515244039,0.04210147782649648,-0.4189148585535242
2.53,-0.3860860305741574,-0.19804737319220383,-0.31926134310193355
2.535,-0.7607139627008036,-0.20679175481926906,0.08455459001930703
2.54,-1.0279786143024734,-0.524985744610586,0.1561819728215529
2.545,-1.0420468782735826,-0.7780901333104796,0.19853721373629263
2.55,-0.9851546988362734,-1.0869786532258363,0.36449521782757877
2.555,-0.5389709567372717,-1.0018183631943407,0.07943144827260674
2.56,0.0049738736507759515,-1.0189103964434465,0.19575357557536366
2.565,0.5197997560113529,-0.5187732557004912,-0.10368370372603329
2.57,0.9466470872710441,0.03324689460923061,0.025079321294685698
2.575,1.082533150060399,0.6116110479978538,0.04301367202145377
2.58,1.0334163009053938,0.9364999900872756,0.08603925432761445
2.585,0.7480395621624394,1.1013353685415295,0.3090159230331043
2.59,0.5519975516070862,0.9591635269490221,0.22205827277793244
2.595,0.3227089235089636,0.8075602403271266,0.01768680116007324
2.6,-0.048507475982576514,0.513972109203518,-0.32365039397641593
2.605,-0.2856468589135046,0.2946712153045763,0.02706850322508382
2.61,-0.4403175643705208,-0.04961986572503705,-0.011207113958297574
2.615,-0.7920253756087435,-0.3637910761804971,0.07727263192527935
2.62,-0.9298089303966739,-0.42887906292407385,0.8826101228561609
2.625,-1.0874276743432068,-0.743652061962493,-0.20950911141649417
2.63,-0.8343545023730108,-0.9151622392218093,0.16891560765014382
2.635,-0.5175304977621433,-1.166872552552143,0.4273848268977193
2.64,0.012911441166133393,-0.8405449670894938,0.03920076563975316
2.645,0.6023406896859088,-0.4804290526131688,0.9351380476688661
2.65,0.8890182573143364,-0.080987997132162,-0.1512157166925907
2.655,1.0182447839523465,0.5486023889950231,0.12963568892801883
2.66,0.9775717895985735,0.9328454375184123,-0.3195222979571928
2.665,0.8050748738061299,1.031749555662211,-0.14060989405731725
2.67,0.4288188275775282,0.9981703687049112,0.09957356415866317
2.675,0.2731356212603521,0.8980496141872955,0.3385216249230919
2.68,-0.026938565880897162,0.45224646650283834,0.12763793360942968
2.685,-0.1838714430911028,0.3060300217820111,0.5036459397338944
2.69,-0.6268197964315609,0.10859871048001915,-0.0379861242370687
2.695,-0.8217864650291846,-0.19456167099562732,-0.13286741193560214
2.7,-1.0843234075617096,-0.6667139346124857,1.0815940429117548
2.705,-1.1066123620667943,-0.800396645116828,0.1576950597768123
2.71,-0.8947234861310943,-1.0623738560922649,-0.28779261839141906
2.715,-0.5330661198748955,-1.1329481316641046,-0.2777055048992276
2.72,-0.012668878447392512,-0.9463433371088367,-0.3770719658125362
2.725,0.5161455450334189,-0.4175738987703916,0.3746277423427152
2.73,0.917276193217547,0.0036732950720086335,-0.14575091715729674
2.735,1.0148740866514396,0.47953127596331513,0.05094499026259425
2.74,1.035342482044941,0.963072708331527,-0.025403469775307486
2.745,0.8155914747932425,1.009416829073373,0.29259696317637385
2.75,0.5263586780693541,1.0226984097290495,-0.33869763715360807
2.755,0.2690887482653548,0.8437051183889671,-0.43022891445720624
2.76,0.014820900040435913,0.4617645646577696,0.08971892287263772
2.765,-0.13950841099123198,0.28672010846121343,0.24038371387995883
2.77,-0.5114614897391677,0.11046864042702353,0.1330129252390563
2.775,-0.7978123371907095,-0.11619952788136645,-0.32378149163893105
2.78,-1.0376763790178647,-0.5302720949283409,0.27099393683655754
2.785,-1.1169140222774878,-0.8231676012121216,-0.2975443708382537
2.79,-0.9693303705665903,-1.0581933776851202,-0.20861545791455335
2.795,-0.5685446542639453,-1.1296121561798769,-0.3775814098888009
2.8,-0.0035340190826255147,-0.9882206972045039,0.5204633394608124
2.805,0.5408195450273159,-0.522729082210217,0.25336861641093966
2.81,0.9096638841141627,-0.09019447424307468,0.24199735027154934
2.815,1.0270241248771101,0.5839195475479226,0.49888456845698015
2.82,1.0450092282010066,0.8906795578570346,1.1250596992954893
2.825,0.8194288098890111,1.0458715141618788,-0.6836904415640622
2.83,0.49912436581544334,0.9886598326909635,-0.29535063235084325
2.835,0.20861626889455162,0.885860363231483,-0.24647003366980955
2.84,0.0274213960414888,0.5614061138240369,-0.34032784895307716
2.845,-0.23186339675348458,0.25659579518205533,-0.4310332990414851
2.85,-0.5795131441572995,-0.048316342748188176,-0.11986122562214625
2.855,-0.7858571890732056,-0.19040734320018193,-0.48664148611576197
2.86,-0.9868982093962796,-0.559270389775514,0.13401694701496528
2.865,-1.110285628072983,-0.8661207514298339,0.020679328571445856
2.87,-0.8976146115446597,-0.9881130785848203,0.19241146590546213
2.875,-0.5968459128652807,-1.0920589036213197,0.20309138065530102
2.88,0.06680930500059619,-0.8698108478535022,0.2412027413706706
2.885,0.5865022878553414,-0.5879828445178379,-0.14936357472955294
2.89,0.8944809144714112,0.08137087584296518,0.8484573610534669
2.895,1.08347360564055,0.6601828574679962,0.0937724465928391
2.9,0.879503901710012,0.9557826099669452,-0.744993901049918
2.905,0.7246407932607115,0.9401208579514129,-0.400950298306487
2.91,0.4924178351789328,0.863631973968128,-0.6962011956111263
2.915,0.1876554250564399,0.7164082418835139,0.006933851660522932
2.92,0.03571982413152765,0.4048129065425842,-0.04872208962133345
2.925,-0.14139724959037625,0.1923645779680555,-0.18737027915978313
2.93,-0.5659375171580168,0.09815771275205298,0.8043704449602057
2.935,-0.8243313464782496,-0.19572564256990577,0.21959314963076434
2.94,-0.9882275815845049,-0.5491174702235232,0.29043934457853376
2.945,-0.9847450813236165,-0.8701225203430715,-0.3724293951768413
2.95,-0.9682254968135221,-1.0218231827684887,-0.39965795653240493
2.955,-0.5116529824870357,-0.9108753996151148,0.0147221996387819
2.96,0.09106494254065271,-0.9953533878191133,0.06920285586089034
2.965,0.44151683119341484,-0.4885423580365045,-0.7425246268457828
2.97,0.8430533208442726,-0.00249596326239665,-0.07212280913981363
2.975,1.044120558425555,0.5346327092631589,0.005628833149401923
2.98,0.9739705793572323,0.8731859431595976,-0.08605966630845158
2.985,0.8230882406616558,1.034995566293042,-0.3253561649386706
2.99,0.5191897671775765,1.002747904857227,-0.21581407276845602
2.995,0.15251397314567203,0.7525972692142653,-0.07074367742911841
3.0,0.025770520145048187,0.5783163042652093,0.036320009444019107
3.005,-0.2701390204955629,0.1363147343708505,0.2419166330202272
3.01,-0.44338442033947467,0.01556704439262645,0.4323424819803485
3.015,-0.8138375530958215,-0.2947218012438371,-0.11773908941089993
3.02,-1.031830764155116,-0.4724169904767539,-0.18246247844614316
3.025,-1.0382443082083703,-0.779104022514401,0.1750622694137225
3.03,-0.8689604570697155,-1.019035421649905,0.2443379665643417
3.035,-0.5016998204055645,-1.0056569011382184,-0.17368017330355423
3.04,-0.08427986586923354,-0.8694001915439941,0.31615739078646893
3.045,0.5510065105987989,-0.47603982985170545,0.39183413646238924
3.05,0.855391378602809,-0.10522230306548547,0.5166745862634693
3.055,1.0770646943280109,0.6624931026692763,0.711328362687929
3.06,0.9288132782300472,0.7769948577812841,-0.34656645546377557
3.065,0.804774283651141,1.14011156050616,0.0055592837330044765
3.07,0.4667768359711811,0.9972086507660958,0.004511078647464055
3.075,0.177130343614748,0.7621663433528614,-0.03922942741300304
3.08,0.0356910068241235,0.5782405164989798,-0.25970516784405445
3.085,-0.22917985004394714,0.2269048577620139,-0.5942248012924286
3.09,-0.5378056212561864,0.08424795716526909,0.03707177841160152
3.095,-0.7098992338229269,-0.2277787406926533,-0.307342263819165
3.1,-1.022032621078494,-0.5486669291671202,0.03439739229905
3.105,-1.0636955050500494,-0.7203696751749072,-0.31761741667954135
3.11,-0.8936611088026274,-1.002506091262518,-0.4398633383377366
3.115,-0.5550880853087969,-0.9936361912983546,0.09371934415075908
3.12,0.02355681467001294,-0.8845953979095564,0.06036861072259839
3.125,0.4974321712441585,-0.6006602664656615,0.23171278852837318
3.13,0.8865248650757234,0.06477816778926193,0.8743455065670501
3.135,1.1334330207387628,0.5434897085638981,0.11091581248433874
3.14,0.9479706973743758,0.9192578414981126,0.19403270682565185
3.145,0.6618191597275089,1.170707966065012,-0.43102453154693016
3.15,0.5876536309371396,0.9344242908664854,-0.5147629762145498
3.155,0.36872847375813805,0.6153697013709799,0.6331317787093336
3.16,-0.020263463272467183,0.5442439594051006,-0.3693919119733215
3.165,-0.3381039781587984,0.28695531133524516,-0.41757762858745684
3.17,-0.5226309799963436,-0.008416032695169695,-0.01563956848662119
3.175,-0.7967693237659992,-0.3422764173201281,-0.036076965350955344
3.18,-1.0094961920511225,-0.544630365222829,-0.3610026025773167
3.185,-1.1209702908446877,-0.9445502649832527,-0.12198928748524002
3.19,-0.8781287240627287,-1.0718620655358309,0.49175028706004176
3.195,-0.4978794198381223,-1.0649282582745294,-0.32239744353271904
3.2,-0.07472028099093925,-0.9113600240658852,-0.5574689937464686
3.205,0.5590646251871474,-0.4798498359552802,0.3770374483599169
3.21,1.0097410302838332,-0.14425455248970206,0.1969187647752147
3.215,1.0738989053704493,0.6309998993051089,-0.24820744825946464
3.22,0.9831337418965693,1.0025396472810995,-0.6328668064507672
3.225,0.7753580155536026,1.088400925194626,-0.2978493425754253
3.23,0.537869619534968,1.0994227314906535,-0.021881774739708523
3.235,0.15472849585242254,0.8511800205830728,0.46626883595352764
3.24,0.008219535148860407,0.5225413384706151,-0.4146327899478628
3.245,-0.260785273600934,0.12506748660890457,-0.033807952604589374
3.25,-0.41471553053874877,-0.008057715427116183,0.2700578639579592
3.255,-0.7911668129642182,-0.23529036117710722,-0.9525069360487683
3.26,-0.9166056194440135,-0.4199767372512923,0.41351446717555995
3.265,-1.120487923637695,-0.8109290202143918,-0.47298022888257496
3.27,-0.8777438228464081,-0.8432465569085614,0.13279819738277385
3.275,-0.5081347754128569,-1.126198418226587,0.09867325984429763
3.28,-0.043452362393283026,-0.7627643681945421,0.433834556585538
3.285,0.5329745943342583,-0.5035976472252482,0.22036975235741615
3.29,0.9677327230281236,0.04581355731795335,-0.9509161966919925
3.295,1.049111303534264,0.5508405654697897,-0.31391169886239656
3.3,0.9154018675415265,1.015880751690596,0.05528205174131204
3.305,0.7815800349501019,1.012880750958378,-0.07799195444791479
3.31,0.46198562644692964,0.872713906412156,0.1910442919027082
3.315,0.22414502919460316,0.8045653327008513,0.3157466222678822
3.32,-0.004079388484264872,0.5114132885701954,0.24338069457187164
3.325,-0.3265446869285556,0.22615785429462631,-0.0857099770217861
3.33,-0.5878896981525699,-0.06839905523844973,-0.7385348044481922
3.335,-0.7583548344977176,-0.39455760524302197,-0.18219249954192693
3.34,-1.0261359348084877,-0.659246518261882,0.1665472592555821
3.345,-1.1935381058396253,-0.8467359401446866,-0.4361789010201911
3.35,-0.867864579356116,-1.0206616668361335,0.25250989204863056
3.355,-0.5104863008386638,-1.137285909754224,0.3633573189069218
3.36,-0.0356937412018187,-0.8685353687023565,0.050746790518337026
3.365,0.4582632780495417,-0.6235070387055563,-1.2255119465249584
3.37,0.9488971760022854,-0.04523176421854614,-0.5112353450847213
3.375,1.0827684198766192,0.45012332821791134,0.7544756634224328
3.38,1.1191301141342043,1.0536971135135573,-0.2186151172113512
3.385,0.8034676062102355,1.0099115242306413,-0.7936572892515984
3.39,0.5264919382496311,1.0995962340042444,0.49409895532410897
3.395,0.2329156796223464,0.8887602402374637,0.005342236617469142
3.4,0.04083879336004367,0.5489908553169586,0.4419761955830902
3.405,-0.2100078160653582,0.26108133329816763,0.11078347008774612
3.41,-0.44452053075830106,0.04656801521123758,0.18342365448486753
3.415,-0.8085243222058438,-0.19351063913249497,0.14520369908580663
3.42,-1.0217703736471933,-0.40564005424437427,0.2789953247684
3.425,-1.0892560472941981,-0.8489986381504822,0.9109721794224394
3.43,-0.8675666951275887,-0.9778674447017832,0.3884025343836752
3.435,-0.4491860665875651,-1.157906198138475,-0.632135727138214
3.44,-0.022942024657489724,-0.8511482964860118,0.17866460611156137
3.445,0.5028661022127047,-0.44024901842324876,0.45659230724128713
3.45,0.9228106423800432,-0.05375667906709512,0.48108032261445843
3.455,1.0530128137479504,0.5017318384464223,-0.17064199322363982
3.46,1.0476026826570035,0.8916836347467655,0.4659777780752511
3.465,0.6698693117430128,0.9994277474048632,0.3710969598204821
3.47,0.4657715288407008,1.0299219455763213,1.029006974787892
3.475,0.20214125942971622,0.6146698799744297,-0.30000069449940464
3.48,-0.1160178006193243,0.4819114020453632,-0.2029602305601701
3.485,-0.2894439983462287,0.14463698472209804,-0.12244761938398158
3.49,-0.552864586978842,-0.08041894946977174,-0.19608886001551012
3.495,-0.7925134089999066,-0.3485179517426697,-0.35600829990544125
3.5,-0.9443517054169959,-0.5811793327578924,-1.1050702022694974
3.505,-1.0775539213081307,-0.8237435794106656,-0.17387978948925364
3.51,-0.9586474672001108,-0.8780943689732539,0.14774322387996178
3.515,-0.5269525156630357,-1.0610394240273011,-0.19728873820236428
3.52,0.05245868107209217,-0.9692341573273305,0.774152473411644
3.525,0.4753068477966566,-0.5020165436095495,0.005350325086345031
3.53,0.8615780369904656,-0.05290093629439224,0.5164116220736542
3.535,1.0932283367123103,0.4731501683146112,0.10456816509198735
3.54,0.9889231942134551,0.9614537458807038,0.3305629239573032
3.545,0.8148324108094532,1.099845662032444,0.11169662157342491
3.55,0.506424441596796,0.9923188526719219,0.5475138527614252
3.555,0.27634525853224423,0.8422388297915631,0.02237574005296029
3.56,-0.05175390570203617,0.5512047037625133,0.1984482832355143
3.565,-0.24186630866718806,0.17647192388775124,0.14653317346001749
3.57,-0.5176412819046883,-0.13587022979158753,-0.11531418325092753
3.575,-0.8432527224791951,-0.23135174411288073,0.16199292756987071
3.58,-1.0781738973934352,-0.5533851099995638,0.8937544984790728
3.585,-1.0310134369848647,-0.7776514593681995,-0.10815877683817682
3.59,-0.9246544002974674,-1.0939326168876964,0.16778595714129932
3.595,-0.5752188026847517,-1.1277399737705207,0.5031115803477771
3.6,-0.004808946846172096,-0.9880550961396672,0.4561013123777121
3.605,0.5805057314698409,-0.7127026036662805,0.0046865670877461
3.61,0.7930698889179266,-0.016515223710317724,-0.9533554811829448
3.615,0.9904689542534305,0.5710865251066217,0.2066811274593865
3.62,0.9538556779052404,0.7718467534288317,-0.8877897034492211
3.625,0.8555171196100103,1.0444129062049174,0.5879748923764925
3.63,0.5212361303325008,1.013781669731075,0.06778954847730423
3.635,0.279627938150841,0.8469976984422047,0.3998696079487956
3.64,-0.05700804595630271,0.41450144695865804,-0.3608444552724205
3.645,-0.2972388698913236,0.31049201717545394,-0.6210029893200217
3.65,-0.48471609535041976,-0.029240034530873937,0.10430175365646688
3.655,-0.779544459727202,-0.28176929138347634,-0.013441375982456791
3.66,-0.9725630590568083,-0.43564210788501395,-0.1966163304628663
3.665,-1.0746844382950167,-0.837785864550254,0.03386451229310551
3.67,-0.8931995948638123,-0.8721252897475513,1.106974356812904
3.675,-0.5161988343571559,-1.12265582595211,0.3338102189476231
3.68,0.03888836945429018,-0.8557384485037696,0.41979944234532757
3.685,0.5644552026996419,-0.6005662190778235,0.3375747566213423
3.69,0.8261131814669591,-0.007624864909212367,0.5917848575408772
3.695,0.9529374609815519,0.6402736350359087,-0.07602866916029796
3.7,1.050087269882565,0.8130681903169166,-0.8219045230701175
3.705,0.8418444309370672,0.9949335912381918,-0.07543445320240393
3.71,0.45607563021088415,1.0619350393185272,0.32469428399860073
3.715,0.1482703058005121,0.8365965231370586,-0.3879201580460295
3.72,0.004951741050347695,0.5242681464575186,-0.07054638019573214
3.725,-0.194720164810257,0.13643736456791708,-0.27670789720092526
3.73,-0.41722705506482444,-0.08408516432782584,0.6008117007372522
3.735,-0.7566432976688873,-0.23488216940784226,0.2997828061626255
3.74,-1.0185858348292907,-0.3896674686297397,0.2606162482575836
3.745,-1.1099574198278392,-0.7368678423507619,0.24864052524838853
3.75,-0.906534216603026,-1.0969387473410626,-0.014899701020850779
3.755,-0.5390680237967,-1.1461745457982493,0.07902251301100141
3.76,-0.05075339528642708,-0.9356202840631384,-0.47407383221292704
3.765,0.6265425711455567,-0.5573415035024113,-0.874576791500227
3.77,0.9963652012901391,-0.11954907471650465,0.06003245213800963
3.775,1.1221033229263697,0.5951240157395827,0.12959610250885775
3.78,0.9539574801095418,0.9599346770271627,0.48370582737015105
3.785,0.8252091424888487,1.1606799859144656,0.628534326432947
3.79,0.5390881016614213,0.994413545659054,0.6279993939995787
3.795,0.26338935733797353,0.8179186195844079,-0.39920943731755115
3.8,0.06248326335218944,0.5194861118678847,-0.14090601397990773
3.805,-0.20949351898474225,0.2703855729399292,0.19213371835255183
3.81,-0.47010606937134825,0.021654507979410695,1.012761871096871
3.815,-0.7506128621053729,-0.2668351230931143,0.5920396814855664
3.82,-0.9829604295998922,-0.5171171298176341,0.4477588647993521
3.825,-1.154481445234302,-0.7823535203039458,-0.15511518221971624
3.83,-0.9029257273160061,-1.0411341195895056,-0.35327985246204985
3.835,-0.551914386544851,-1.1463784672811583,0.3155631533532958
3.84,-0.06399204788201748,-0.8664399436268206,-0.44026450569374403
3.845,0.6081956195674761,-0.6312693015847631,-0.09537454039212107
3.85,0.9935565482308426,-0.06273561232121581,-0.045911179600769056
3.855,1.1332619187633768,0.5971988298041594,0.6371648356491232
3.86,1.0127606708428005,1.0106319825076828,-0.14187892118387102
3.865,0.8499894323215941,1.1326149803581973,-0.9756998554290462
3.87,0.5077094402166328,0.940080706846219,0.20177785906498735
3.875,0.2514019399726737,0.7868699673787358,-0.2796087412415706
3.88,-0.05467356852308563,0.5091806189958814,0.017052409775098726
3.885,-0.22141251090281386,0.3028409859599491,-0.034681880336849456
3.89,-0.5040874847653288,-0.16538293707523577,-0.10948159832710731
3.895,-0.8475907821156923,-0.20412618191273485,0.3161362327138816
3.9,-1.0025598555908186,-0.4446063845009467,-0.613145951341083
3.905,-1.0692873669414353,-0.8552420759260029,-0.2068056899817441
3.91,-0.8172287228543171,-0.9750497307894965,0.2736151652469525
3.915,-0.47939412217675026,-1.1044408209863255,-0.2456339101377473
3.92,0.0005722719546062366,-0.8231970328181609,-0.6435226837079888
3.925,0.536544154092463,-0.5604397980921578,0.2674221373026943
3.93,0.909317400091752,-0.11664489346633745,0.4492378521766156
3.935,1.055155189508822,0.5836824441537268,-0.017998083057202536
3.94,0.9458786401305784,0.8600676537055298,-0.7843382393878131
3.945,0.774905582393629,1.0323787972586504,0.28238789867952646
3.95,0.46980186835389076,0.8765565274670688,-0.6639551525678753
3.955,0.17874629918160478,0.7044070972394353,0.12351971073926629
3.96,0.02556109072736909,0.4611099833491599,-0.35498552989686394
3.965,-0.2216988431311167,0.14226743947482245,-0.46393571430678615
3.97,-0.5964421567549787,0.044459640627104016,-0.1767640068318761
3.975,-0.7885924081487489,-0.1990719221821371,-0.07331902257090393
3.98,-0.9502149307050067,-0.5803996744387483,-0.2576833001545793
3.985,-1.012339701803781,-0.7766623686023267,0.23548131128606029
3.99,-0.8558149390422621,-0.8713265204584124,-0.1784277513835335
3.995,-0.522159128257305,-1.0657193902560254,0.3920763486687288
